Name,lat,lon
ALUX,14.6180,-90.6332
CBIBL,14.5923,-90.5497
VILL,14.5041,-90.6131
SMP,14.5200,-90.5556
JUAMA,14.5714,-90.5286
ASEGG,14.6038,-90.5128
KINAL,14.6255,-90.5357
NRNJO,14.6577,-90.5580
ITC,14.6458,-90.5063
CEPRO,14.6651,-90.4942
CAUST,14.6213,-90.4852
CCONS,14.5656,-90.4816
SJPIN,14.5447,-90.4457
BVH,14.4787,-90.4847
SPAYM,14.6875,-90.4594 
